[
  {
    "inputs": [],
    "stateMutability": "nonpayable",
    "type": "constructor"
  },
  {
    "inputs": [
      {
        "internalType": "string",
        "name": "_tokenName",
        "type": "string"
      },
      {
        "internalType": "string",
        "name": "_tokenSymbol",
        "type": "string"
      }
    ],
    "name": "deployLoyaltySystem",
    "outputs": [
      {
        "internalType": "address",
        "name": "tokenAddress",
        "type": "address"
      },
      {
        "internalType": "address",
        "name": "loyaltyAddress",
        "type": "address"
      }
    ],
    "stateMutability": "nonpayable",
    "type": "function"
  },
  {
    "inputs": [
      {
        "internalType": "uint256",
        "name": "",
        "type": "uint256"
      }
    ],
    "name": "deployedLoyaltySystems",
    "outputs": [
      {
        "internalType": "address",
        "name": "tokenAddress",
        "type": "address"
      },
      {
        "internalType": "address",
        "name": "loyaltyAddress",
        "type": "address"
      }
    ],
    "stateMutability": "view",
    "type": "function"
  },
  {
    "inputs": [],
    "name": "getDeployedLoyaltySystems",
    "outputs": [
      {
        "components": [
          {
            "internalType": "address",
            "name": "tokenAddress",
            "type": "address"
          },
          {
            "internalType": "address",
            "name": "loyaltyAddress",
            "type": "address"
          }
        ],
        "internalType": "struct RestaurantLoyaltyFactory.LoyaltySystem[]",
        "name": "",
        "type": "tuple[]"
      }
    ],
    "stateMutability": "view",
    "type": "function"
  },
  {
    "inputs": [],
    "name": "getDeployedLoyaltySystemsCount",
    "outputs": [
      {
        "internalType": "uint256",
        "name": "",
        "type": "uint256"
      }
    ],
    "stateMutability": "view",
    "type": "function"
  }
]
